-- MySQL dump 10.13  Distrib 8.0.19, for Win64 (x86_64)
--
-- Host: localhost    Database: asset_management_api_prod
-- ------------------------------------------------------
-- Server version	8.0.30

/*!40101 SET @OLD_CHARACTER_SET_CLIENT=@@CHARACTER_SET_CLIENT */;
/*!40101 SET @OLD_CHARACTER_SET_RESULTS=@@CHARACTER_SET_RESULTS */;
/*!40101 SET @OLD_COLLATION_CONNECTION=@@COLLATION_CONNECTION */;
/*!50503 SET NAMES utf8mb4 */;
/*!40103 SET @OLD_TIME_ZONE=@@TIME_ZONE */;
/*!40103 SET TIME_ZONE='+00:00' */;
/*!40014 SET @OLD_UNIQUE_CHECKS=@@UNIQUE_CHECKS, UNIQUE_CHECKS=0 */;
/*!40014 SET @OLD_FOREIGN_KEY_CHECKS=@@FOREIGN_KEY_CHECKS, FOREIGN_KEY_CHECKS=0 */;
/*!40101 SET @OLD_SQL_MODE=@@SQL_MODE, SQL_MODE='NO_AUTO_VALUE_ON_ZERO' */;
/*!40111 SET @OLD_SQL_NOTES=@@SQL_NOTES, SQL_NOTES=0 */;

--
-- Table structure for table `t_asset_brands`
--

DROP TABLE IF EXISTS `t_asset_brands`;
/*!40101 SET @saved_cs_client     = @@character_set_client */;
/*!50503 SET character_set_client = utf8mb4 */;
CREATE TABLE `t_asset_brands` (
  `id` int NOT NULL AUTO_INCREMENT,
  `name` varchar(255) DEFAULT NULL,
  `init` varchar(50) DEFAULT NULL,
  PRIMARY KEY (`id`)
) ENGINE=InnoDB AUTO_INCREMENT=23 DEFAULT CHARSET=utf8mb4 COLLATE=utf8mb4_0900_ai_ci;
/*!40101 SET character_set_client = @saved_cs_client */;

--
-- Dumping data for table `t_asset_brands`
--

LOCK TABLES `t_asset_brands` WRITE;
/*!40000 ALTER TABLE `t_asset_brands` DISABLE KEYS */;
INSERT INTO `t_asset_brands` VALUES (6,'DELL','DLL'),(7,'DIEBOLD NIXDORF','DND'),(8,'ZEBRA','ZBR'),(9,'APC','APC'),(10,'COMMSCOPE','CMP'),(11,'ORBIT','ORT'),(12,'HP PRO','HPR'),(13,'WINCOR NIXDORF','WNF'),(14,'HP','HPP'),(15,'LG','LGM'),(16,'SAMSUNG','SMG'),(17,'VEKTOR ABRELEX','VAX'),(18,'TSC','TSC'),(19,'LOGITECH','LGH'),(20,'SYMBOL','SML'),(21,'HONEYWELL','HNY'),(22,'M-TECH','MTC');
/*!40000 ALTER TABLE `t_asset_brands` ENABLE KEYS */;
UNLOCK TABLES;

--
-- Table structure for table `t_asset_categories`
--

DROP TABLE IF EXISTS `t_asset_categories`;
/*!40101 SET @saved_cs_client     = @@character_set_client */;
/*!50503 SET character_set_client = utf8mb4 */;
CREATE TABLE `t_asset_categories` (
  `id` int NOT NULL AUTO_INCREMENT,
  `name` varchar(255) DEFAULT NULL,
  `init` varchar(50) DEFAULT NULL,
  PRIMARY KEY (`id`)
) ENGINE=InnoDB AUTO_INCREMENT=26 DEFAULT CHARSET=utf8mb4 COLLATE=utf8mb4_0900_ai_ci;
/*!40101 SET character_set_client = @saved_cs_client */;

--
-- Dumping data for table `t_asset_categories`
--

LOCK TABLES `t_asset_categories` WRITE;
/*!40000 ALTER TABLE `t_asset_categories` DISABLE KEYS */;
INSERT INTO `t_asset_categories` VALUES (7,'COMPUTER','CPU'),(8,'UPS','UPS'),(9,'STAND CUSTOMER DISPLAY','CST'),(10,'KEYBOARD','KYB'),(11,'SWITCH','SWT'),(12,'ROUTER','RTR'),(13,'BLANK PATCH PANEL','BPP'),(14,'CAP','CAP'),(15,'CABLE MANAGEMENT','CBM'),(16,'MODEM','MDM'),(17,'SERVER RACK','SRV'),(18,'PDU','PDU'),(19,'MONITOR','MNT'),(20,'PRINTER','PRN'),(21,'CASH DRAWER','CSD'),(22,'CUSTOMER DISPLAY','CUD'),(23,'DESKTOP STAND MONITOR','DSM'),(24,'SCANNER','SCN'),(25,'MOUSE','MSE');
/*!40000 ALTER TABLE `t_asset_categories` ENABLE KEYS */;
UNLOCK TABLES;

--
-- Table structure for table `t_asset_models`
--

DROP TABLE IF EXISTS `t_asset_models`;
/*!40101 SET @saved_cs_client     = @@character_set_client */;
/*!50503 SET character_set_client = utf8mb4 */;
CREATE TABLE `t_asset_models` (
  `id` int NOT NULL AUTO_INCREMENT,
  `name` varchar(255) DEFAULT NULL,
  `has_serial` int DEFAULT NULL,
  `unit` int DEFAULT NULL,
  `created_at` datetime DEFAULT CURRENT_TIMESTAMP,
  `created_by` int DEFAULT NULL,
  `last_updated_at` datetime DEFAULT NULL,
  `last_updated_by` int DEFAULT NULL,
  `type_id` int DEFAULT NULL,
  `category_id` int DEFAULT NULL,
  `brand_id` int DEFAULT NULL,
  `is_consumable` int DEFAULT NULL,
  `code` varchar(100) DEFAULT NULL,
  PRIMARY KEY (`id`),
  KEY `created_by` (`created_by`),
  KEY `last_updated_by` (`last_updated_by`),
  KEY `type_id` (`type_id`),
  KEY `category_id` (`category_id`),
  KEY `brand_id` (`brand_id`),
  CONSTRAINT `t_asset_models_ibfk_1` FOREIGN KEY (`created_by`) REFERENCES `t_users` (`id`),
  CONSTRAINT `t_asset_models_ibfk_2` FOREIGN KEY (`last_updated_by`) REFERENCES `t_users` (`id`),
  CONSTRAINT `t_asset_models_ibfk_3` FOREIGN KEY (`type_id`) REFERENCES `t_asset_types` (`id`),
  CONSTRAINT `t_asset_models_ibfk_4` FOREIGN KEY (`category_id`) REFERENCES `t_asset_categories` (`id`),
  CONSTRAINT `t_asset_models_ibfk_5` FOREIGN KEY (`brand_id`) REFERENCES `t_asset_brands` (`id`)
) ENGINE=InnoDB AUTO_INCREMENT=82 DEFAULT CHARSET=utf8mb4 COLLATE=utf8mb4_0900_ai_ci;
/*!40101 SET character_set_client = @saved_cs_client */;

--
-- Dumping data for table `t_asset_models`
--

LOCK TABLES `t_asset_models` WRITE;
/*!40000 ALTER TABLE `t_asset_models` DISABLE KEYS */;
INSERT INTO `t_asset_models` VALUES (13,'OPTIPLEX 7010',1,1,'2025-10-14 10:50:40',1,NULL,NULL,6,7,6,0,''),(14,'BA64 STAND',0,1,'2025-10-14 11:39:23',1,NULL,NULL,5,9,7,0,'SNP-01750279877'),(15,'TA85P',1,1,'2025-10-14 11:41:45',1,NULL,NULL,5,10,7,0,'SNP-1750153923'),(16,'BA63-1_RS232',1,1,'2025-10-14 11:48:55',1,NULL,NULL,5,22,7,0,'SNP-1750090973'),(17,'DS9308',1,1,'2025-10-14 11:52:44',1,NULL,NULL,5,24,8,0,'DS9308-SR00004ZZWW'),(18,'BA64-2',0,1,'2025-10-14 11:55:13',1,NULL,NULL,5,22,7,0,'SNP-01750279777'),(19,'APC',1,1,'2025-10-14 12:03:43',1,NULL,NULL,6,8,9,0,'9B2415A01158'),(20,'COMMSCOPE BPP',0,1,'2025-10-14 12:06:48',1,NULL,NULL,6,13,10,0,'760237040'),(21,'HORIZONTAL CABLE MANAGEMENT',0,1,'2025-10-14 12:08:04',1,NULL,NULL,6,15,10,0,'1427632-2'),(22,'B320-923',1,1,'2025-10-14 12:13:31',1,NULL,NULL,7,16,11,0,'6942103107900'),(23,'HP PRO 3330',1,1,'2025-10-14 12:34:02',1,NULL,NULL,6,7,12,0,'F0S34PA#AR6'),(24,'OPTILEX 3050',1,1,'2025-10-14 14:16:59',1,NULL,NULL,6,7,6,0,'17220983078'),(25,'OPTIPLEX 3060',1,1,'2025-10-14 14:57:52',1,NULL,NULL,6,7,6,0,'150051-15'),(26,'BETTLE-M-II PLUS',1,1,'2025-10-14 15:03:57',1,NULL,NULL,5,7,13,0,'01750207051'),(27,'BETTLE M-III',1,1,'2025-10-14 15:09:43',1,NULL,NULL,5,7,13,0,'01750281683'),(28,'OPTIPLEX 3040',1,1,'2025-10-14 15:19:38',1,NULL,NULL,6,7,6,0,'150051-1(5)'),(29,'OPTIPLEX 3080',1,1,'2025-10-14 15:27:31',1,NULL,NULL,6,7,6,0,'200014-15'),(30,'OPTIPLEX 7040',1,1,'2025-10-14 15:38:51',1,NULL,NULL,6,7,6,0,'-'),(31,'DELL - E2016H',1,1,'2025-10-14 15:53:01',1,NULL,NULL,6,19,6,0,'---'),(32,'E916H',1,1,'2025-10-14 16:07:56',1,NULL,NULL,6,19,6,0,'NOCODE'),(33,'HP COMPAQ LE1902X',1,1,'2025-10-14 16:37:53',1,NULL,NULL,6,19,14,0,'**'),(34,'PA12',1,1,'2025-10-14 16:43:06',1,NULL,NULL,5,19,13,0,'BA72R-2'),(35,'OPTIPLEX 3070',1,1,'2025-10-14 17:16:04',1,NULL,NULL,6,7,6,0,'*'),(36,'BA92',1,1,'2025-10-14 17:36:30',1,NULL,NULL,5,19,7,0,'\"\"'),(37,'WINCOR PA12APN',1,1,'2025-10-14 17:38:19',1,NULL,NULL,5,19,13,0,'\'\''),(38,'HP LV1911',1,1,'2025-10-14 17:40:12',1,NULL,NULL,6,19,14,0,'675248-001'),(39,'E1914H',1,1,'2025-10-15 10:32:44',1,NULL,NULL,6,19,6,0,NULL),(40,'E2016H',1,1,'2025-10-15 10:40:01',1,NULL,NULL,6,19,6,0,NULL),(41,'E2020H',1,1,'2025-10-15 10:53:02',1,NULL,NULL,6,19,6,0,NULL),(42,'22MT48AF',1,1,'2025-10-15 10:55:09',1,NULL,NULL,6,19,15,0,NULL),(43,'S24A310NHE',1,1,'2025-10-15 10:59:09',1,NULL,NULL,6,19,16,0,NULL),(44,'BA93',1,1,'2025-10-15 11:02:11',1,NULL,NULL,5,19,7,0,NULL),(45,'BA64',1,1,'2025-10-15 11:11:17',1,NULL,NULL,5,22,7,0,NULL),(46,'E170S',1,1,'2025-10-15 11:18:11',1,NULL,NULL,6,19,6,0,NULL),(47,'VEKTOR VT 625T',1,1,'2025-10-15 11:36:43',1,NULL,NULL,6,8,17,0,NULL),(48,'BX800LI-MS',1,1,'2025-10-15 11:42:05',1,NULL,NULL,6,8,9,0,NULL),(49,'ZD30',1,1,'2025-10-15 11:42:52',1,NULL,NULL,6,20,8,0,NULL),(50,'GK420T',1,1,'2025-10-15 11:55:50',1,NULL,NULL,6,20,8,0,NULL),(51,'ZD230',1,1,'2025-10-15 12:00:04',1,NULL,NULL,6,20,8,0,NULL),(52,'P1200',1,1,'2025-10-15 12:03:31',1,NULL,NULL,5,20,7,0,NULL),(53,'TH200I',1,1,'2025-10-15 12:06:28',1,NULL,NULL,5,20,13,0,NULL),(54,'TH230',1,1,'2025-10-15 12:06:55',1,NULL,NULL,5,20,13,0,NULL),(55,'TH250',1,1,'2025-10-15 12:26:03',1,NULL,NULL,5,20,13,0,NULL),(56,'D150MN',1,1,'2025-10-15 12:41:20',1,NULL,NULL,5,19,7,0,NULL),(57,'TH200E',1,1,'2025-10-15 12:43:53',1,NULL,NULL,5,20,13,0,NULL),(58,'GT820',1,1,'2025-10-15 14:16:11',1,NULL,NULL,6,20,8,0,NULL),(59,'TSC-244CE',1,1,'2025-10-15 14:18:36',1,NULL,NULL,6,20,18,0,NULL),(60,'KU-0316',1,1,'2025-10-15 14:31:25',1,NULL,NULL,6,10,14,0,NULL),(61,'KB216P1',1,1,'2025-10-15 14:34:50',1,NULL,NULL,6,10,6,0,NULL),(62,'KB522P',1,1,'2025-10-15 14:39:38',1,NULL,NULL,6,10,6,0,NULL),(63,'K120',1,1,'2025-10-15 14:41:20',1,NULL,NULL,6,10,19,0,NULL),(64,'BA63-USB',1,1,'2025-10-15 14:53:05',1,NULL,NULL,5,22,13,0,NULL),(65,'DS9208',1,1,'2025-10-15 14:57:13',1,NULL,NULL,5,24,20,0,NULL),(66,'KB216T',1,1,'2025-10-15 15:11:40',1,NULL,NULL,6,10,6,0,NULL),(67,'LS2208',1,1,'2025-10-15 15:19:21',1,NULL,NULL,5,24,20,0,NULL),(68,'MS5145-LS USB',1,1,'2025-10-15 15:24:04',1,NULL,NULL,5,24,21,0,NULL),(69,'LS1203',1,1,'2025-10-15 15:26:36',1,NULL,NULL,5,24,20,0,NULL),(70,'OPTICAL MOUSE',1,1,'2025-10-15 15:43:13',1,NULL,NULL,6,25,22,0,NULL),(71,'M5116T1',1,1,'2025-10-15 15:44:36',1,NULL,NULL,6,25,6,0,NULL),(72,'U0031-O',1,1,'2025-10-15 15:48:01',1,NULL,NULL,6,25,14,0,NULL),(73,'MS111',1,1,'2025-10-15 15:52:51',1,NULL,NULL,6,25,6,0,NULL),(74,'MS116T',1,1,'2025-10-15 15:54:13',1,NULL,NULL,6,25,6,0,NULL),(75,'M-U0026',1,1,'2025-10-15 15:56:30',1,NULL,NULL,6,25,19,0,NULL),(76,'M-UAE96',1,1,'2025-10-15 16:17:32',1,NULL,NULL,6,25,14,0,NULL),(77,'M-U0036',1,1,'2025-10-15 16:25:12',1,NULL,NULL,6,25,19,0,NULL),(78,'M-SBF96',1,1,'2025-10-15 16:34:26',1,NULL,NULL,6,25,14,0,NULL),(79,'M170',1,1,'2025-10-15 16:39:55',1,NULL,NULL,6,25,19,0,NULL),(80,'MOVYUO',1,1,'2025-10-15 16:52:27',1,NULL,NULL,6,25,14,0,NULL),(81,'MOFXOU',1,1,'2025-10-15 16:57:15',1,NULL,NULL,6,25,14,0,NULL);
/*!40000 ALTER TABLE `t_asset_models` ENABLE KEYS */;
UNLOCK TABLES;

--
-- Table structure for table `t_asset_types`
--

DROP TABLE IF EXISTS `t_asset_types`;
/*!40101 SET @saved_cs_client     = @@character_set_client */;
/*!50503 SET character_set_client = utf8mb4 */;
CREATE TABLE `t_asset_types` (
  `id` int NOT NULL AUTO_INCREMENT,
  `name` varchar(255) DEFAULT NULL,
  `init` varchar(50) DEFAULT NULL,
  PRIMARY KEY (`id`)
) ENGINE=InnoDB AUTO_INCREMENT=8 DEFAULT CHARSET=utf8mb4 COLLATE=utf8mb4_0900_ai_ci;
/*!40101 SET character_set_client = @saved_cs_client */;

--
-- Dumping data for table `t_asset_types`
--

LOCK TABLES `t_asset_types` WRITE;
/*!40000 ALTER TABLE `t_asset_types` DISABLE KEYS */;
INSERT INTO `t_asset_types` VALUES (5,'POS','POS'),(6,'BACKOFFICE','OFC'),(7,'NETWORK','NET');
/*!40000 ALTER TABLE `t_asset_types` ENABLE KEYS */;
UNLOCK TABLES;

--
-- Table structure for table `t_assets`
--

DROP TABLE IF EXISTS `t_assets`;
/*!40101 SET @saved_cs_client     = @@character_set_client */;
/*!50503 SET character_set_client = utf8mb4 */;
CREATE TABLE `t_assets` (
  `id` int NOT NULL AUTO_INCREMENT,
  `asset_code` varchar(255) DEFAULT NULL,
  `serial_number` varchar(255) DEFAULT NULL,
  `remarks` varchar(255) DEFAULT NULL,
  `registred_at` datetime DEFAULT CURRENT_TIMESTAMP,
  `registred_by` int DEFAULT NULL,
  `updated_at` datetime DEFAULT NULL,
  `updated_by` int DEFAULT NULL,
  `asset_model_id` int DEFAULT NULL,
  `color_id` int DEFAULT NULL,
  `purchase_order_number` varchar(100) DEFAULT NULL,
  `quantity` int DEFAULT '1',
  `location_id` int DEFAULT NULL,
  `status` enum('READY','USE','REPAIR','DISPOSAL') DEFAULT NULL,
  `conditions` enum('NEW','GOOD','OLD','BAD','NEED TO CHECK') DEFAULT NULL,
  `asset_id_old` varchar(150) DEFAULT NULL,
  PRIMARY KEY (`id`),
  KEY `color_id` (`color_id`),
  KEY `registred_by` (`registred_by`),
  KEY `updated_by` (`updated_by`),
  KEY `asset_model_id` (`asset_model_id`),
  KEY `location_id` (`location_id`),
  CONSTRAINT `t_assets_ibfk_3` FOREIGN KEY (`registred_by`) REFERENCES `t_users` (`id`),
  CONSTRAINT `t_assets_ibfk_4` FOREIGN KEY (`updated_by`) REFERENCES `t_users` (`id`),
  CONSTRAINT `t_assets_ibfk_5` FOREIGN KEY (`asset_model_id`) REFERENCES `t_asset_models` (`id`),
  CONSTRAINT `t_assets_ibfk_6` FOREIGN KEY (`location_id`) REFERENCES `t_locations` (`id`),
  CONSTRAINT `t_assets_ibfk_7` FOREIGN KEY (`color_id`) REFERENCES `t_colors` (`id`)
) ENGINE=InnoDB AUTO_INCREMENT=280 DEFAULT CHARSET=utf8mb4 COLLATE=utf8mb4_0900_ai_ci;
/*!40101 SET character_set_client = @saved_cs_client */;

--
-- Dumping data for table `t_assets`
--

LOCK TABLES `t_assets` WRITE;
/*!40000 ALTER TABLE `t_assets` DISABLE KEYS */;
INSERT INTO `t_assets` VALUES (43,'OFC-MNT-2510140001','CN0YKH877287273BC5ABA00','','2025-10-14 16:11:43',1,NULL,NULL,32,1,'',1,11,'READY','NEED TO CHECK','AST-MN-2411080020'),(44,'OFC-MNT-2510140002','CNT208X3MJ','Ex Store','2025-10-14 16:38:43',1,NULL,NULL,33,1,'',1,12,'READY','NEED TO CHECK','AST-MN-2411050006'),(45,'POS-MNT-2510140003','CP801138R','Ex Store','2025-10-14 16:43:31',1,NULL,NULL,34,1,'',1,12,'READY','NEED TO CHECK','AST-MN-2405310030'),(46,'OFC-CPU-2510140004','150051-15','EX SPM','2025-10-14 16:54:44',1,NULL,NULL,24,1,'',1,11,'READY','NEED TO CHECK','AST-CPU-2505270004'),(47,'OFC-CPU-2510140005','6JV79V2','EX STORE','2025-10-14 16:57:07',1,NULL,NULL,25,1,'',1,11,'READY','NEED TO CHECK',NULL),(48,'OFC-CPU-2510140006','5FBDL83','EX STORE','2025-10-14 16:58:11',1,NULL,NULL,29,1,'',1,11,'READY','NEED TO CHECK',NULL),(49,'OFC-CPU-2510140007','89DMLN2','EX STORE','2025-10-14 16:59:02',1,NULL,NULL,24,1,'',1,11,'READY','NEED TO CHECK',NULL),(50,'OFC-CPU-2510140008','FZY7HD2','EX STORE','2025-10-14 16:59:48',1,NULL,NULL,28,1,'',1,11,'READY','NEED TO CHECK',NULL),(51,'OFC-CPU-2510140009','6JFF9V2','EX STORE','2025-10-14 17:00:24',1,NULL,NULL,25,1,'',1,11,'READY','NEED TO CHECK',NULL),(52,'OFC-CPU-2510140010','SGH213SRFO','EX STORE','2025-10-14 17:01:43',1,NULL,NULL,23,1,'',1,11,'READY','NEED TO CHECK',NULL),(53,'POS-CPU-2510140011','59EY426193','EX STORE','2025-10-14 17:03:25',1,NULL,NULL,26,1,'',1,11,'READY','NEED TO CHECK',NULL),(54,'POS-CPU-2510140012','59GS8K4555','EX STORE','2025-10-14 17:04:11',1,NULL,NULL,27,1,'',1,11,'READY','NEED TO CHECK',NULL),(55,'POS-CPU-2510140013','59EY322951','EX STORE','2025-10-14 17:04:47',1,NULL,NULL,26,1,'',1,11,'READY','NEED TO CHECK',NULL),(56,'OFC-CPU-2510140014','5R21WV2','EX STORE','2025-10-14 17:05:40',1,NULL,NULL,25,1,'',1,11,'READY','NEED TO CHECK',NULL),(57,'OFC-CPU-2510140015','SGH340SZQH','EX STORE','2025-10-14 17:06:42',1,NULL,NULL,23,1,'',1,11,'READY','NEED TO CHECK',NULL),(58,'OFC-CPU-2510140016','42511/SDPP1/2015','EX STORE SPM','2025-10-14 17:08:25',1,NULL,NULL,24,1,'',1,11,'READY','NEED TO CHECK','AST-CPU-2505270005'),(59,'POS-CPU-2510140017','59ey426191','EX PODIUM','2025-10-14 17:09:27',1,NULL,NULL,26,1,NULL,1,11,'READY','NEED TO CHECK','AST-PC-2405220050'),(60,'OFC-CPU-2510140018','6LBC9V2','EX PPA','2025-10-14 17:10:48',1,NULL,NULL,25,1,'',1,11,'READY','NEED TO CHECK','AST-PC-2412180024'),(61,'POS-CPU-2510140019','59ey100005','EX STORE','2025-10-14 17:12:06',1,NULL,NULL,26,1,'',1,11,'READY','NEED TO CHECK','AST-PC-2412020045'),(62,'POS-CPU-2510140020','59JWR03541','EX STORE','2025-10-14 17:13:45',1,NULL,NULL,27,1,'',1,11,'READY','NEED TO CHECK','AST-PC-2501020002'),(63,'OFC-CPU-2510140021','4RXP643','EX STORE','2025-10-14 17:16:49',1,NULL,NULL,35,1,'',1,11,'READY','NEED TO CHECK',NULL),(64,'POS-CPU-2510140022','59EY316093','EX STORE','2025-10-14 17:17:39',1,NULL,NULL,26,1,'',1,11,'READY','NEED TO CHECK',NULL),(65,'POS-CPU-2510140023','-','EX STORE','2025-10-14 17:18:28',1,NULL,NULL,27,1,'',1,11,'READY','NEED TO CHECK',NULL),(67,'POS-CPU-2510140024','59HY904198','EX STORE','2025-10-14 17:24:01',1,NULL,NULL,27,1,'',1,11,'READY','NEED TO CHECK','AST-PC-2411190029'),(68,'POS-CPU-2510140025','53R0585680','EX STORE GCS','2025-10-14 17:25:33',1,NULL,NULL,27,1,'',1,11,'READY','NEED TO CHECK','AST-PC-2501020003'),(69,'OFC-CPU-2510140026','71MD2K2','EX STORE SKP','2025-10-14 17:30:16',1,NULL,NULL,30,1,'',1,11,'READY','NEED TO CHECK',NULL),(70,'POS-MNT-2510140027','96gkmb1448','EX STORE','2025-10-14 17:37:00',1,NULL,NULL,36,1,'',1,12,'READY','NEED TO CHECK','AST-MN-2405310033'),(71,'POS-MNT-2510140028','CN102038R','EX STORE','2025-10-14 17:38:44',1,NULL,NULL,37,1,'',1,12,'READY','NEED TO CHECK','AST-MN-2411190019'),(72,'OFC-MNT-2510140029','6CM3470D4V','EX STORE','2025-10-14 17:40:44',1,NULL,NULL,38,1,'',1,12,'READY','NEED TO CHECK','AST-MN-2411050021'),(73,'POS-MNT-2510140030','CPA02471R','EX STORE','2025-10-14 17:41:44',1,NULL,NULL,34,1,'',1,12,'READY','NEED TO CHECK','AST-MN-2411190014'),(74,'POS-MNT-2510140031','CM101980R','EX STORE','2025-10-14 17:42:52',1,NULL,NULL,37,1,'',1,12,'READY','NEED TO CHECK','AST-MN-2411150014'),(75,'POS-MNT-2510140032','CO100028R','EX STORE','2025-10-14 17:44:42',1,NULL,NULL,34,1,'',1,12,'READY','NEED TO CHECK','AST-MN-2411050010'),(76,'OFC-MNT-2510150001','c8aua00','EX STORE','2025-10-15 10:33:16',1,NULL,NULL,39,1,'',1,12,'READY','NEED TO CHECK','AST-MN-2405310061'),(77,'OFC-MNT-2510150002','45k470b','EX STORE','2025-10-15 10:38:27',1,NULL,NULL,32,1,'',1,12,'READY','NEED TO CHECK','AST-MN-2405310063'),(78,'OFC-MNT-2510150003','CN0K5DX5QDC009B61HLIA09','EX STORE','2025-10-15 10:40:51',1,NULL,NULL,40,1,'',1,12,'READY','NEED TO CHECK',NULL),(79,'POS-MNT-2510150004','CN903035R','EX STORE','2025-10-15 10:41:58',1,NULL,NULL,34,1,'',1,12,'READY','NEED TO CHECK',NULL),(80,'OFC-MNT-2510150005','4TWN692','EX STORE MTA','2025-10-15 10:43:48',1,NULL,NULL,32,1,NULL,1,12,'READY','NEED TO CHECK','AST-MN-2405210144'),(81,'OFC-MNT-2510150006','596AHDUAOO','EX STORE MTA','2025-10-15 10:44:47',1,NULL,NULL,32,1,NULL,1,12,'READY','NEED TO CHECK','AST-MN-2405210139'),(82,'OFC-MNT-2510150007','2VXQ2D2','EX STORE LSB','2025-10-15 10:46:19',1,NULL,NULL,40,1,NULL,1,12,'READY','NEED TO CHECK','AST-MN-2405210140'),(83,'OFC-MNT-2510150008','5BZF092','EX STORE KCP','2025-10-15 10:47:25',1,NULL,NULL,32,1,NULL,1,12,'READY','NEED TO CHECK','AST-MN-2405210142'),(84,'OFC-MNT-2510150009','81NPX82','EX STORE','2025-10-15 10:48:17',1,NULL,NULL,32,1,NULL,1,12,'READY','NEED TO CHECK','AST-MN-2405210147'),(85,'OFC-MNT-2510150010','FBNY392','EX STORE','2025-10-15 10:49:41',1,NULL,NULL,40,1,NULL,1,12,'READY','NEED TO CHECK','AST-MN-2405210137'),(86,'OFC-MNT-2510150011','JS1S7D2','EX STORE','2025-10-15 10:50:07',1,NULL,NULL,32,1,NULL,1,12,'READY','NEED TO CHECK','AST-MN-2405210145'),(87,'OFC-MNT-2510150012','7TS83D2','EX STORE MCS','2025-10-15 10:50:33',1,NULL,NULL,40,1,NULL,1,12,'READY','NEED TO CHECK','AST-MN-2405210143'),(88,'OFC-MNT-2510150013','FLMNKN2','EX STORE','2025-10-15 10:50:58',1,NULL,NULL,32,1,NULL,1,12,'READY','NEED TO CHECK','AST-MN-2405210148'),(89,'OFC-MNT-2510150014','HTWN692','EX STORE RMC','2025-10-15 10:51:20',1,NULL,NULL,32,1,NULL,1,12,'READY','NEED TO CHECK','AST-MN-2405210134'),(90,'OFC-MNT-2510150015','7TXQ2D2','EX STORE','2025-10-15 10:51:43',1,NULL,NULL,40,1,NULL,1,12,'READY','NEED TO CHECK','AST-MN-2405210135'),(91,'OFC-MNT-2510150016','C721A00','EX STORE LSB','2025-10-15 10:52:06',1,NULL,NULL,32,1,NULL,1,12,'READY','NEED TO CHECK','AST-MN-2405210136'),(92,'OFC-MNT-2510150017','8TXQ2D2','EX STORE BBB','2025-10-15 10:52:28',1,NULL,NULL,40,1,NULL,1,12,'READY','NEED TO CHECK','AST-MN-2405210138'),(93,'OFC-MNT-2510150018','CN07TR2HQDC001AF0J8UA06','EX STORE','2025-10-15 10:53:21',1,NULL,NULL,41,1,'',1,12,'READY','NEED TO CHECK','AST-MN-2411180001'),(94,'OFC-MNT-2510150019','H8E1A00','EX STORE','2025-10-15 10:53:43',1,NULL,NULL,32,1,NULL,1,12,'READY','NEED TO CHECK','AST-MN-2405210141'),(95,'OFC-MNT-2510150020','612INNG21535','EX STORE','2025-10-15 10:55:38',1,NULL,NULL,42,1,'',1,12,'READY','NEED TO CHECK',NULL),(96,'OFC-MNT-2510150021','612INTX21505','EX STORE','2025-10-15 10:57:00',1,NULL,NULL,42,1,'',1,12,'READY','NEED TO CHECK',NULL),(97,'POS-MNT-2510150022','CPB03889R','EX STORE','2025-10-15 10:57:53',1,NULL,NULL,34,1,'',1,12,'READY','NEED TO CHECK',NULL),(98,'OFC-MNT-2510150023','4J38H4CR700743T','EX STORE','2025-10-15 10:59:33',1,NULL,NULL,43,1,'',1,12,'READY','NEED TO CHECK',NULL),(99,'POS-MNT-2510150024','id20100212999','EX STORE','2025-10-15 11:08:48',1,NULL,NULL,44,1,NULL,1,12,'READY','NEED TO CHECK','AST-MN-2405220034'),(100,'POS-CUD-2510150025','98HM200485','EX STORE','2025-10-15 11:11:41',1,NULL,NULL,45,1,NULL,1,12,'READY','NEED TO CHECK','AST-CD-2405220033'),(101,'OFC-MNT-2510150026','CN0K5DX5QDC0098P08DIA09','EX STORE','2025-10-15 11:13:35',1,NULL,NULL,40,1,'',1,12,'READY','NEED TO CHECK','AST-MN-2411040004'),(102,'POS-MNT-2510150027','CO702619R','EX STORE','2025-10-15 11:14:47',1,NULL,NULL,34,1,'',1,12,'READY','NEED TO CHECK',NULL),(103,'OFC-MNT-2510150028','CN0YKH877287273BAT5BA00','EX STORE','2025-10-15 11:16:13',1,NULL,NULL,32,1,'',1,12,'READY','NEED TO CHECK',NULL),(104,'OFC-MNT-2510150029','CN09WMP7728726C5CMJIA00','EX STORE','2025-10-15 11:17:15',1,NULL,NULL,40,1,'',1,12,'READY','NEED TO CHECK',NULL),(105,'OFC-MNT-2510150030','cn0r49dy6418018k1p4c','EX STORE','2025-10-15 11:18:34',1,NULL,NULL,46,1,NULL,1,12,'READY','NEED TO CHECK','AST-MN-2405210133'),(106,'OFC-MNT-2510150031','90M4GS2','EX STORE KCP','2025-10-15 11:19:26',1,NULL,NULL,40,1,NULL,1,12,'READY','NEED TO CHECK','AST-MN-2405210132'),(107,'OFC-MNT-2510150032','6785X42','EX STORE','2025-10-15 11:19:49',1,NULL,NULL,32,1,NULL,1,12,'READY','NEED TO CHECK','AST-MN-2405210131'),(108,'OFC-MNT-2510150033','cn0x0t4k72872535afku','EX STORE','2025-10-15 11:20:40',1,NULL,NULL,39,1,NULL,1,12,'READY','NEED TO CHECK','AST-MN-2405210128'),(109,'OFC-MNT-2510150034','6cm334118c','EX STORE','2025-10-15 11:21:05',1,NULL,NULL,38,1,NULL,1,12,'READY','NEED TO CHECK','AST-MN-2405210129'),(110,'OFC-MNT-2510150035','DYWUA00','EX STORE GMP','2025-10-15 11:21:25',1,NULL,NULL,32,1,NULL,1,12,'READY','NEED TO CHECK','AST-MN-2405210146'),(111,'OFC-MNT-2510150036','C99F23','EX STORE','2025-10-15 11:22:07',1,NULL,NULL,41,1,NULL,1,12,'READY','NEED TO CHECK','AST-MN-2405210130'),(112,'POS-MNT-2510150037','CO702638R','EX STORE DOD BALI','2025-10-15 11:23:48',1,NULL,NULL,34,1,'',1,12,'READY','NEED TO CHECK',NULL),(113,'OFC-MNT-2510150038','609INNG42967','EX STORE','2025-10-15 11:26:19',1,NULL,NULL,42,1,'',1,12,'READY','NEED TO CHECK',NULL),(114,'OFC-CPU-2510150039','875QLN2','EX OFFICE PAY','2025-10-15 11:31:17',1,NULL,NULL,24,1,'',1,11,'READY','NEED TO CHECK',NULL),(115,'OFC-CPU-2510150040','81D7J23','EX STORE','2025-10-15 11:33:09',1,NULL,NULL,35,1,'',1,11,'READY','NEED TO CHECK',NULL),(116,'OFC-UPS-2510150041','MA183640136','EX STORE','2025-10-15 11:38:09',1,NULL,NULL,47,1,'',1,13,'READY','NEED TO CHECK',NULL),(117,'OFC-UPS-2510150042','MA090930212','EX STORE','2025-10-15 11:38:43',1,NULL,NULL,47,1,'',1,13,'READY','NEED TO CHECK',NULL),(118,'OFC-UPS-2510150043','9B2128A08693','EX STORE','2025-10-15 11:40:41',1,NULL,NULL,19,1,'',1,13,'READY','NEED TO CHECK',NULL),(119,'OFC-UPS-2510150044','9B2128A08911','EX STORE','2025-10-15 11:40:49',1,NULL,NULL,19,1,'',1,13,'READY','NEED TO CHECK',NULL),(120,'OFC-UPS-2510150045','3B1932X62915','EX STORE','2025-10-15 11:42:30',1,NULL,NULL,48,1,'',1,13,'READY','NEED TO CHECK',NULL),(121,'OFC-UPS-2510150046','3B1932X62939','EX STORE','2025-10-15 11:42:44',1,NULL,NULL,48,1,'',1,13,'READY','NEED TO CHECK',NULL),(122,'OFC-UPS-2510150047','3B1620X09721','EX STORE','2025-10-15 11:43:05',1,NULL,NULL,48,1,'',1,13,'READY','NEED TO CHECK',NULL),(123,'OFC-UPS-2510150048','3B1825X67514','EX STORE','2025-10-15 11:43:18',1,NULL,NULL,48,1,'',1,13,'READY','NEED TO CHECK',NULL),(124,'OFC-UPS-2510150049','3B1941X67102','EX STORE','2025-10-15 11:43:39',1,NULL,NULL,48,1,'',1,13,'READY','NEED TO CHECK',NULL),(125,'OFC-UPS-2510150050','3B1937X67293','EX STORE','2025-10-15 11:44:01',1,NULL,NULL,48,1,'',1,13,'READY','NEED TO CHECK',NULL),(126,'OFC-UPS-2510150051','3B1937X66925','EX STORE','2025-10-15 11:45:14',1,NULL,NULL,48,1,'',1,13,'READY','NEED TO CHECK',NULL),(127,'OFC-UPS-2510150052','3B1937X67304','EX STORE','2025-10-15 11:45:20',1,NULL,NULL,48,1,'',1,13,'READY','NEED TO CHECK',NULL),(128,'OFC-UPS-2510150053','3B1937X67303','EX STORE','2025-10-15 11:45:28',1,NULL,NULL,48,1,'',1,13,'READY','NEED TO CHECK',NULL),(129,'OFC-UPS-2510150054','3B1937X66976','EX STORE','2025-10-15 11:45:33',1,NULL,NULL,48,1,'',1,13,'READY','NEED TO CHECK',NULL),(130,'OFC-PRN-2510150055','D5J241702387','SAFIRA','2025-10-15 11:45:52',1,NULL,NULL,49,3,'30016910',1,14,'USE','GOOD','AST-PRN-2411110007'),(131,'OFC-PRN-2510150056','29j175203120','EX STORE','2025-10-15 11:57:27',1,NULL,NULL,50,1,NULL,1,13,'READY','NEED TO CHECK','AST-PRN-2405220128'),(132,'OFC-PRN-2510150057','29j180203361','EX STORE','2025-10-15 11:58:23',1,NULL,NULL,50,1,NULL,1,13,'READY','NEED TO CHECK','AST-PRN-2405220127'),(133,'OFC-PRN-2510150058','29J172400711','EX STORE','2025-10-15 11:59:00',1,NULL,NULL,50,1,'',1,13,'READY','NEED TO CHECK','AST-PRN-2409090016'),(134,'OFC-PRN-2510150059','d5j212906804','EX STORE','2025-10-15 12:00:26',1,NULL,NULL,51,1,NULL,1,13,'READY','NEED TO CHECK','AST-PRN-2405220141'),(135,'OFC-PRN-2510150060','29J181203595','EX STORE','2025-10-15 12:01:15',1,NULL,NULL,50,1,'',1,15,'READY','NEED TO CHECK',NULL),(136,'OFC-PRN-2510150061','29J154202727','EX STORE','2025-10-15 12:01:52',1,NULL,NULL,50,1,'',1,15,'READY','NEED TO CHECK','AST-PRN-2409090024'),(137,'OFC-PRN-2510150062','29j140100255','EX STORE','2025-10-15 12:02:02',1,NULL,NULL,50,1,NULL,1,15,'READY','NEED TO CHECK','AST-PRN-2405220129'),(138,'OFC-PRN-2510150063','29j182100640','EX STORE','2025-10-15 12:02:15',1,NULL,NULL,50,1,NULL,1,15,'READY','NEED TO CHECK','AST-PRN-2405220130'),(139,'POS-PRN-2510150064','P6JVP15759','EX STORE','2025-10-15 12:04:00',1,NULL,NULL,52,1,NULL,1,15,'READY','NEED TO CHECK','AST-PRN-2405220077'),(140,'POS-CST-2510150065','','','2025-10-15 12:04:08',1,NULL,NULL,14,1,'30018853',1,15,'READY','NEW','AST-CST-2507100041'),(141,'POS-PRN-2510150066','C6HDM33055','EX STORE','2025-10-15 12:05:28',1,NULL,NULL,52,1,'',1,15,'READY','NEED TO CHECK','AST-PRN-2411150012'),(142,'POS-PRN-2510150067','P6JVP38737','EX STORE','2025-10-15 12:05:43',1,NULL,NULL,52,1,NULL,1,15,'READY','NEED TO CHECK','AST-PRN-2405220083'),(143,'POS-CST-2510150068','','','2025-10-15 12:08:05',1,NULL,NULL,14,1,'30016269',1,15,'READY','NEW','AST-CST-2502030052'),(144,'POS-CST-2510150069','','','2025-10-15 12:08:31',1,NULL,NULL,14,1,'30018853',1,15,'READY','NEW','AST-CST-2507100040'),(145,'POS-PRN-2510150070','BYG0013015','EX STORE','2025-10-15 12:08:35',1,NULL,NULL,53,2,'',1,15,'READY','NEED TO CHECK','AST-PRN-2505260003'),(146,'POS-PRN-2510150071','p6jvp38732','EX STORE','2025-10-15 12:13:25',1,NULL,NULL,52,1,NULL,1,15,'READY','NEED TO CHECK','AST-PRN-2405240107'),(147,'POS-PRN-2510150072','97AX425799','EX STORE','2025-10-15 12:16:12',1,NULL,NULL,54,1,'RUSAK PATAH',1,15,'READY','NEED TO CHECK','AST-PRN-2411190013'),(148,'POS-PRN-2510150073','97AX714326','EX STORE','2025-10-15 12:16:52',1,NULL,NULL,54,1,'',1,15,'READY','NEED TO CHECK',NULL),(149,'POS-KYB-2510150074','B4DK117937','','2025-10-15 12:17:48',1,NULL,NULL,15,1,'30016269',1,15,'READY','NEW','AST-KB-2502030001'),(150,'POS-PRN-2510150075','BYG0094014','EX STORE','2025-10-15 12:18:45',1,NULL,NULL,53,2,'',1,15,'READY','NEED TO CHECK','AST-PRN-2501020007'),(151,'POS-PRN-2510150076','97AX308916','EX STORE','2025-10-15 12:19:30',1,NULL,NULL,54,1,'',1,15,'READY','NEED TO CHECK',NULL),(152,'POS-KYB-2510150077','b4dk117920','','2025-10-15 12:19:38',1,NULL,NULL,15,1,'30016269',1,15,'READY','NEW','AST-KB-2502030007'),(153,'POS-KYB-2510150078','b4dk117930','','2025-10-15 12:20:08',1,NULL,NULL,15,1,'30016269',1,15,'READY','NEW','AST-KB-2502030009'),(154,'POS-PRN-2510150079','97AX714307','EX STORE','2025-10-15 12:20:25',1,NULL,NULL,54,1,'',1,15,'READY','NEED TO CHECK','AST-PRN-2411300011'),(155,'POS-PRN-2510150080','BYG0023359','EX STORE','2025-10-15 12:21:33',1,NULL,NULL,53,1,'',1,15,'READY','NEED TO CHECK','AST-PRN-2411120001'),(156,'POS-KYB-2510150081','b4dk117910','','2025-10-15 12:21:47',1,NULL,NULL,15,1,'30016269',1,15,'READY','NEW','AST-KB-2502030010'),(157,'POS-PRN-2510150082','BYG0039172','EX STORE','2025-10-15 12:22:16',1,NULL,NULL,53,1,'',1,15,'READY','NEED TO CHECK','AST-PRN-2411050018'),(158,'POS-PRN-2510150083','97AX549164','EX STORE','2025-10-15 12:22:50',1,NULL,NULL,54,1,'',1,15,'READY','NEED TO CHECK','AST-PRN-2411050012'),(159,'POS-KYB-2510150084','b4dk117926','','2025-10-15 12:23:25',1,NULL,NULL,15,1,'30016269',1,15,'READY','NEW','AST-KB-2502030011'),(160,'POS-PRN-2510150085','BYG0012944','EX STORE','2025-10-15 12:23:41',1,NULL,NULL,53,1,'',1,15,'READY','NEED TO CHECK','AST-PRN-2411110019'),(161,'POS-KYB-2510150086','b4dk117929','','2025-10-15 12:24:47',1,NULL,NULL,15,1,'30016269',1,15,'READY','NEW','AST-KB-2502030005'),(162,'POS-PRN-2510150087','97AX307042','EX STORE','2025-10-15 12:24:51',1,NULL,NULL,54,1,'',1,15,'DISPOSAL','BAD',NULL),(163,'POS-PRN-2510150088','c6hdn31630','EX STORE','2025-10-15 12:26:30',1,NULL,NULL,55,1,'',1,15,'READY','NEED TO CHECK','AST-PRN-2412020049'),(164,'POS-PRN-2510150089','97AX427384','EX STORE','2025-10-15 12:33:15',1,NULL,NULL,54,1,'',1,15,'READY','NEED TO CHECK',NULL),(165,'POS-MNT-2510150090','U18041246','EX STORE','2025-10-15 12:41:47',1,NULL,NULL,56,2,'',1,12,'READY','NEED TO CHECK',NULL),(166,'POS-PRN-2510150091','BYG0095410','EX STORE','2025-10-15 12:44:26',1,NULL,NULL,57,1,'',1,15,'READY','NEED TO CHECK',NULL),(167,'POS-PRN-2510150092','BYG0020126','EX PODIUM','2025-10-15 12:45:18',1,NULL,NULL,53,1,'',1,15,'READY','NEED TO CHECK',NULL),(168,'POS-PRN-2510150093','BYG0095412','EX STORE','2025-10-15 12:45:56',1,NULL,NULL,57,1,'',1,15,'READY','NEED TO CHECK',NULL),(169,'POS-PRN-2510150094','97AX300180','EX STORE','2025-10-15 12:46:55',1,NULL,NULL,54,1,'',1,15,'READY','NEED TO CHECK',NULL),(170,'POS-PRN-2510150095','BYG0083391','EX STORE','2025-10-15 12:47:37',1,NULL,NULL,53,1,'',1,15,'READY','NEED TO CHECK','AST-PRN-2412020058'),(171,'OFC-PRN-2510150096','29J183800562','EX STORE','2025-10-15 14:13:36',1,NULL,NULL,50,3,'',1,15,'READY','NEED TO CHECK','AST-PRN-2411110018'),(172,'OFC-PRN-2510150097','29J153201362','EX STORE','2025-10-15 14:14:28',1,NULL,NULL,50,3,'',1,15,'READY','NEED TO CHECK',NULL),(173,'OFC-PRN-2510150098','D5J213801783','EX STORE','2025-10-15 14:15:22',1,NULL,NULL,51,3,'',1,15,'READY','NEED TO CHECK',NULL),(174,'OFC-PRN-2510150099','11J184800249','EX STORE','2025-10-15 14:17:28',1,NULL,NULL,58,3,'',1,15,'READY','NEED TO CHECK','AST-PRN-2502120004'),(175,'OFC-PRN-2510150100','T4E19350008','EX STORE','2025-10-15 14:19:17',1,NULL,NULL,59,3,'',1,15,'READY','NEED TO CHECK','AST-PRN-2409090010'),(176,'POS-KYB-2510150101','60DK361367','EX STORE RMC','2025-10-15 14:21:09',1,NULL,NULL,15,1,'',1,15,'READY','NEED TO CHECK',NULL),(177,'POS-KYB-2510150102','60DK232786','EX STORE','2025-10-15 14:21:45',1,NULL,NULL,15,2,'',1,15,'READY','NEED TO CHECK','AST-KB-2411190015'),(178,'POS-KYB-2510150103','60DK004879','EX STORE','2025-10-15 14:22:27',1,NULL,NULL,15,1,'',1,15,'READY','NEED TO CHECK',NULL),(179,'POS-KYB-2510150104','sn b4dk108863	','EX STORE','2025-10-15 14:22:59',1,NULL,NULL,15,1,'',1,15,'READY','NEED TO CHECK','AST-KB-2412020043'),(180,'POS-KYB-2510150105','60DK349256','EX STORE SPM','2025-10-15 14:23:36',1,NULL,NULL,15,2,'',1,15,'READY','NEED TO CHECK','AST-KB-2505260004'),(181,'POS-KYB-2510150106','60dk469183','EX STORE','2025-10-15 14:24:08',1,NULL,NULL,15,1,NULL,1,15,'READY','NEED TO CHECK','AST-KB-2405220093'),(182,'POS-KYB-2510150107','B4DK603733','EX STORE','2025-10-15 14:24:31',1,NULL,NULL,15,2,'',1,15,'READY','NEED TO CHECK','AST-KB-2411110026'),(183,'POS-KYB-2510150108','60DK361343','EX STORE','2025-10-15 14:24:59',1,NULL,NULL,15,1,'',1,15,'DISPOSAL','BAD','AST-KB-2411120003'),(184,'POS-KYB-2510150109','60DK361424','EX STORE','2025-10-15 14:25:23',1,NULL,NULL,15,1,'',1,15,'READY','NEED TO CHECK','AST-KB-2411050019'),(185,'POS-KYB-2510150110','60DK350535','EX STORE','2025-10-15 14:25:53',1,NULL,NULL,15,2,'',1,15,'READY','NEED TO CHECK','AST-KB-2411190016'),(186,'POS-KYB-2510150111','60DK473450','EX STORE','2025-10-15 14:26:21',1,NULL,NULL,15,1,'',1,15,'READY','NEED TO CHECK',NULL),(187,'POS-KYB-2510150112','60DK484215','EX STORE','2025-10-15 14:26:39',1,NULL,NULL,15,1,'',1,15,'READY','NEED TO CHECK',NULL),(188,'POS-KYB-2510150113','60DK352866','EX STORE','2025-10-15 14:27:01',1,NULL,NULL,15,1,'',1,15,'READY','NEED TO CHECK','AST-KB-2411050013'),(189,'POS-KYB-2510150114','60DK469225','EX STORE','2025-10-15 14:27:25',1,NULL,NULL,15,1,'',1,15,'READY','NEED TO CHECK','AST-KB-2411300013'),(190,'POS-CUD-2510150115','9899410026','EX STORE','2025-10-15 14:29:08',1,NULL,NULL,16,1,'',1,15,'READY','NEED TO CHECK',NULL),(191,'POS-CUD-2510150116','9899313487','EX STORE','2025-10-15 14:29:54',1,NULL,NULL,16,1,'',1,15,'READY','NEED TO CHECK',NULL),(192,'OFC-KYB-2510150117','BBUVL0MGA1C9K1','EX STORE','2025-10-15 14:32:17',1,NULL,NULL,60,1,'',1,15,'READY','NEED TO CHECK',NULL),(193,'OFC-KYB-2510150118','BDAMB0NY53V7TU','EX STORE','2025-10-15 14:33:23',1,NULL,NULL,60,1,'',1,15,'READY','NEED TO CHECK','AST-KB-2411050040'),(194,'OFC-KYB-2510150119','CN0006HYPRC004AIA7M8A01','EX STORE','2025-10-15 14:35:56',1,NULL,NULL,61,1,'30018619',1,15,'READY','NEED TO CHECK','AST-KB-2503180010'),(195,'OFC-KYB-2510150120','','EX STORE','2025-10-15 14:36:43',1,NULL,NULL,61,1,NULL,1,15,'READY','NEED TO CHECK','AST-KB-2405210007'),(196,'OFC-KYB-2510150121','','EX STORE','2025-10-15 14:37:27',1,NULL,NULL,61,1,NULL,1,15,'READY','NEED TO CHECK','AST-KB-2405210039'),(197,'OFC-KYB-2510150122','','EX STORE','2025-10-15 14:38:03',1,NULL,NULL,61,1,'',1,15,'READY','NEED TO CHECK','AST-KB-2411300017'),(198,'OFC-KYB-2510150123','CN0081N8LO3003BN029D','EX STORE','2025-10-15 14:38:49',1,NULL,NULL,61,1,'30017385',1,15,'READY','NEED TO CHECK','AST-KB-2412090014'),(199,'OFC-KYB-2510150124','','EX STORE','2025-10-15 14:40:17',1,NULL,NULL,62,1,NULL,1,15,'READY','NEED TO CHECK','AST-KB-2405210043'),(200,'OFC-KYB-2510150125','','EX STORE','2025-10-15 14:41:45',1,NULL,NULL,63,1,'',1,15,'READY','NEED TO CHECK','AST-KB-2411300019'),(201,'POS-CUD-2510150126','98hm002182','EX STORE','2025-10-15 14:44:06',1,NULL,NULL,45,1,'',1,13,'READY','NEED TO CHECK','AST-CD-2412020052'),(202,'POS-CUD-2510150127','6499294565','EX STORE','2025-10-15 14:44:54',1,NULL,NULL,16,1,NULL,1,13,'READY','NEED TO CHECK','AST-CD-2405220087'),(203,'POS-CUD-2510150128','9899714135','EX STORE','2025-10-15 14:46:04',1,NULL,NULL,16,1,'',1,15,'READY','NEED TO CHECK',NULL),(204,'POS-CUD-2510150129','9899410085','EX STORE SPM','2025-10-15 14:46:44',1,NULL,NULL,16,1,'',1,15,'READY','NEED TO CHECK',NULL),(205,'POS-CUD-2510150130','9899305679','EX STORE','2025-10-15 14:47:34',1,NULL,NULL,16,1,'',1,15,'READY','NEED TO CHECK','AST-CD-2411150020'),(206,'POS-CUD-2510150131','9899714138','EX STORE MTA','2025-10-15 14:48:05',1,NULL,NULL,16,1,'',1,15,'READY','NEED TO CHECK',NULL),(207,'POS-CUD-2510150132','9899433043','EX STORE','2025-10-15 14:48:37',1,NULL,NULL,16,1,'',1,15,'READY','NEED TO CHECK','AST-CD-2411050011'),(208,'POS-CUD-2510150133','9899803251','EX STORE','2025-10-15 14:49:51',1,NULL,NULL,16,2,'',1,15,'READY','NEED TO CHECK','AST-CD-2411110020'),(209,'POS-CUD-2510150134','9899803506','EX STORE','2025-10-15 14:50:30',1,NULL,NULL,16,2,'',1,15,'READY','NEED TO CHECK','AST-CD-2411110027'),(210,'POS-CUD-2510150135','9899336457','EX STORE','2025-10-15 14:50:50',1,NULL,NULL,16,1,'',1,15,'READY','NEED TO CHECK','AST-CD-2411050016'),(211,'POS-CUD-2510150136','9877401456','EX STORE','2025-10-15 14:53:28',1,NULL,NULL,64,1,'',1,15,'READY','NEED TO CHECK',NULL),(212,'POS-SCN-2510150137','15307010500809','EX STORE','2025-10-15 14:57:33',1,NULL,NULL,65,1,'',1,15,'READY','NEED TO CHECK','AST-SCN-2411050020'),(213,'POS-SCN-2510150138','16123010504244','EX STORE','2025-10-15 14:58:12',1,NULL,NULL,65,1,'',1,15,'READY','NEED TO CHECK','AST-SCN-2411050041'),(214,'POS-SCN-2510150139','20241523701388','EX STORE','2025-10-15 15:00:27',1,NULL,NULL,17,1,NULL,1,15,'READY','NEED TO CHECK','AST-SCN-2405220023'),(215,'POS-SCN-2510150140','18254010503771','EX STORE','2025-10-15 15:01:03',1,NULL,NULL,65,1,'',1,15,'READY','NEED TO CHECK','AST-SCN-2411110024'),(216,'POS-SCN-2510150141','19229010552093','EX STORE','2025-10-15 15:01:22',1,NULL,NULL,65,1,NULL,1,15,'READY','NEED TO CHECK','AST-SCN-2405220021'),(217,'POS-SCN-2510150142','16251010500699','EX STORE','2025-10-15 15:03:40',1,NULL,NULL,65,1,'',1,15,'READY','NEED TO CHECK','AST-SCN-2412020046'),(218,'POS-SCN-2510150143','18254010503787','EX STORE','2025-10-15 15:03:59',1,NULL,NULL,65,1,'',1,15,'READY','NEED TO CHECK','AST-SCN-2411110029'),(219,'POS-CUD-2510150144','98hm928605','EX STORE','2025-10-15 15:04:32',1,NULL,NULL,45,1,NULL,1,15,'READY','NEED TO CHECK','AST-CD-2405220056'),(220,'POS-SCN-2510150145','17010010503991','EX STORE','2025-10-15 15:05:19',1,NULL,NULL,65,1,'',1,15,'READY','NEED TO CHECK',NULL),(221,'POS-SCN-2510150146','15316010504588','EX STORE','2025-10-15 15:05:34',1,NULL,NULL,65,1,'',1,15,'READY','NEED TO CHECK',NULL),(222,'POS-SCN-2510150147','14231010504374','EX STORE','2025-10-15 15:05:49',1,NULL,NULL,65,1,'',1,15,'READY','NEED TO CHECK',NULL),(223,'OFC-KYB-2510150148','CN0RKR0NLO30088305S1','EX STORE','2025-10-15 15:12:04',1,NULL,NULL,66,1,NULL,1,15,'READY','GOOD','AST-KB-2405250147'),(224,'OFC-KYB-2510150149','CN0RKR0NLO30088300J3','EX STORE','2025-10-15 15:12:37',1,NULL,NULL,66,1,NULL,1,15,'READY','GOOD','AST-KB-2405250141'),(225,'OFC-KYB-2510150150','CN0RKR0NLO30003D0ICXA03','EX STORE','2025-10-15 15:13:36',1,NULL,NULL,66,1,'',1,15,'READY','GOOD',NULL),(226,'POS-SCN-2510150151','Z32G3L','EX 901','2025-10-15 15:20:01',1,NULL,NULL,67,1,'',1,15,'READY','NEED TO CHECK','AST-SCN-2505080002'),(227,'POS-SCN-2510150152','','EX STORE','2025-10-15 15:20:30',1,NULL,NULL,67,1,'',1,15,'READY','NEED TO CHECK','AST-SCN-2505080004'),(228,'POS-SCN-2510150153','Z3P8H1','EX STORE','2025-10-15 15:21:27',1,NULL,NULL,67,1,'',1,15,'READY','NEED TO CHECK','AST-SCN-2505080003'),(229,'POS-SCN-2510150154','','EX STORE','2025-10-15 15:22:02',1,NULL,NULL,67,1,'',1,15,'READY','NEED TO CHECK','AST-SCN-2412170021'),(230,'POS-SCN-2510150155','2M16482747','EX STORE','2025-10-15 15:24:25',1,NULL,NULL,68,1,'',1,15,'READY','NEED TO CHECK','AST-SCN-2411150016'),(231,'POS-SCN-2510150156','YE0A7C','EX STORE','2025-10-15 15:26:01',1,NULL,NULL,67,1,'',1,15,'READY','NEED TO CHECK',NULL),(232,'POS-SCN-2510150157','SYC1634','EX STORE','2025-10-15 15:26:58',1,NULL,NULL,69,1,'',1,15,'READY','NEED TO CHECK',NULL),(233,'POS-SCN-2510150158','DUMMY1','EX STORE','2025-10-15 15:30:10',1,NULL,NULL,67,1,'',1,15,'READY','NEED TO CHECK',NULL),(234,'POS-SCN-2510150159','DUMMY2','EX STORE','2025-10-15 15:30:27',1,NULL,NULL,67,1,'',1,15,'READY','NEED TO CHECK',NULL),(235,'POS-SCN-2510150160','DUMMY3','EX STORE','2025-10-15 15:30:35',1,NULL,NULL,67,1,'',1,15,'READY','NEED TO CHECK',NULL),(236,'POS-SCN-2510150161','Z45V5U','EX STORE','2025-10-15 15:31:06',1,NULL,NULL,67,1,'',1,15,'READY','NEED TO CHECK',NULL),(237,'POS-SCN-2510150162','DUMMY4','EX STORE','2025-10-15 15:33:30',1,NULL,NULL,67,1,'',1,15,'READY','NEED TO CHECK',NULL),(238,'OFC-MSE-2510150163','DUMMY5','EX STORE','2025-10-15 15:43:38',1,NULL,NULL,70,1,'',1,15,'DISPOSAL','BAD',NULL),(239,'OFC-MSE-2510150164','CN0PRDV9LO3009BE0QKO','EX STORE','2025-10-15 15:45:31',1,NULL,NULL,71,1,'',1,15,'READY','NEED TO CHECK',NULL),(240,'OFC-MSE-2510150165','590509-002','EX STORE','2025-10-15 15:48:50',1,NULL,NULL,72,1,'',1,15,'READY','NEED TO CHECK',NULL),(241,'OFC-MSE-2510150166','DUMMY6','EX STORE','2025-10-15 15:49:38',1,NULL,NULL,70,1,'',1,15,'READY','NEED TO CHECK',NULL),(242,'OFC-MSE-2510150167','DUMMY7','EX STORE','2025-10-15 15:50:30',1,NULL,NULL,72,1,'',1,15,'READY','NEED TO CHECK',NULL),(243,'OFC-MSE-2510150168','CN065K5FLO30014D0PDG','EX STORE','2025-10-15 15:51:52',1,NULL,NULL,71,1,'',1,15,'READY','NEED TO CHECK',NULL),(244,'OFC-MSE-2510150169','CN09RRC74872952F03','EX STORE','2025-10-15 15:53:30',1,NULL,NULL,73,1,'',1,15,'READY','NEED TO CHECK',NULL),(245,'OFC-MSE-2510150170','CN0DV0RH716167201F66','EX STORE','2025-10-15 15:55:03',1,NULL,NULL,74,1,'',1,15,'DISPOSAL','BAD',NULL),(246,'OFC-MSE-2510150171','1640HS0A7EG8','EX STORE','2025-10-15 15:57:09',1,NULL,NULL,75,1,'',1,15,'DISPOSAL','BAD',NULL),(247,'OFC-MSE-2510150172','CN005WC4716165C20QVG','EX STORE','2025-10-15 15:58:46',1,NULL,NULL,73,1,'',1,15,'DISPOSAL','BAD',NULL),(248,'OFC-MSE-2510150173','CN0PRDV9LO3008AN0E14','EX STORE','2025-10-15 15:59:31',1,NULL,NULL,74,1,'',1,15,'DISPOSAL','BAD',NULL),(249,'OFC-MSE-2510150174','CN09RR01487294770UA5','EX STORE','2025-10-15 16:00:55',1,NULL,NULL,73,1,'',1,15,'DISPOSAL','BAD',NULL),(250,'OFC-MSE-2510150175','CN0KW2YH7161659C3E1M','EX STORE MCL','2025-10-15 16:01:56',1,NULL,NULL,73,1,'',1,15,'READY','NEED TO CHECK',NULL),(251,'OFC-MSE-2510150176','DUMMY8','EX STORE','2025-10-15 16:03:34',1,NULL,NULL,73,1,'',1,15,'DISPOSAL','BAD',NULL),(252,'OFC-MSE-2510150177','CN0PRDV9LO3008AN0EHZ','EX STORE','2025-10-15 16:04:35',1,NULL,NULL,74,1,'',1,15,'READY','NEED TO CHECK',NULL),(253,'OFC-MSE-2510150178','CN0PRDV9LO3008AN0FEY','EX STORE','2025-10-15 16:05:46',1,NULL,NULL,74,1,'',1,15,'READY','NEED TO CHECK',NULL),(254,'OFC-MSE-2510150179','CN0PRDV9LO30085M0RCV','EX STORE','2025-10-15 16:07:09',1,NULL,NULL,74,1,'',1,15,'READY','NEED TO CHECK',NULL),(255,'OFC-MSE-2510150180','CN0DV0RH7161676A014G','EX STORE','2025-10-15 16:08:24',1,NULL,NULL,74,1,'',1,15,'READY','NEED TO CHECK',NULL),(256,'OFC-MSE-2510150181','CNOPRDV9LO3008AN0FB9','EX STORE','2025-10-15 16:09:09',1,NULL,NULL,74,1,'',1,15,'READY','GOOD',NULL),(257,'OFC-MSE-2510150182','','EX STORE','2025-10-15 16:11:37',1,NULL,NULL,74,1,'',1,15,'READY','NEED TO CHECK','AST-MS-2412200089'),(258,'OFC-MSE-2510150183','DUMMY9','EX STORE','2025-10-15 16:20:02',1,NULL,NULL,76,1,'',1,15,'READY','OLD',NULL),(259,'OFC-MSE-2510150184','CN-0DV0RH-LO300-79T-1KJK','EX STORE','2025-10-15 16:20:50',1,NULL,NULL,74,1,'',1,15,'READY','NEED TO CHECK','AST-MS-2506240003'),(260,'OFC-MSE-2510150185','1222hs01vej8','EX STORE','2025-10-15 16:21:24',1,NULL,NULL,75,1,'',1,15,'READY','NEED TO CHECK','AST-MS-2412020038'),(261,'OFC-MSE-2510150186','CN065K5FLO3001AJ0FN0','EX STORE','2025-10-15 16:22:30',1,NULL,NULL,75,1,'',1,15,'READY','NEED TO CHECK','AST-MS-2412180049'),(262,'OFC-MSE-2510150187','','EX STORE','2025-10-15 16:23:27',1,NULL,NULL,75,1,'',1,15,'READY','NEED TO CHECK','AST-MS-2411050042'),(263,'OFC-MSE-2510150188','1913LZ00N1E8','EX STORE','2025-10-15 16:26:43',1,NULL,NULL,77,1,'',1,15,'READY','NEED TO CHECK','AST-MS-2412020037'),(264,'OFC-MSE-2510150189','1338HS04YVC8','EX STORE','2025-10-15 16:28:45',1,NULL,NULL,75,1,'',1,15,'READY','BAD',NULL),(265,'OFC-MSE-2510150190','1913HS03GH68','EX STORE','2025-10-15 16:30:17',1,NULL,NULL,75,1,'',1,15,'READY','NEED TO CHECK','AST-MS-2412020036'),(266,'OFC-MSE-2510150191','1741HS04QU18','EX STORE','2025-10-15 16:31:59',1,NULL,NULL,75,1,'',1,15,'DISPOSAL','BAD',NULL),(267,'OFC-MSE-2510150192','1336HS04YH16','EX STORE','2025-10-15 16:33:00',1,NULL,NULL,75,1,'',1,15,'READY','NEED TO CHECK',NULL),(268,'OFC-MSE-2510150193','DUMMY10','EX STORE','2025-10-15 16:35:41',1,NULL,NULL,78,1,'',1,15,'READY','OLD',NULL),(269,'OFC-MSE-2510150194','DUMMY11','EX STORE','2025-10-15 16:36:37',1,NULL,NULL,75,1,'',1,15,'DISPOSAL','BAD',NULL),(270,'OFC-MSE-2510150195','DUMMY12','EX STORE','2025-10-15 16:37:35',1,NULL,NULL,72,1,'',1,15,'REPAIR','BAD',NULL),(271,'OFC-MSE-2510150196','DUMMY13','EX STORE MDM','2025-10-15 16:38:44',1,NULL,NULL,72,1,'',1,15,'REPAIR','BAD',NULL),(272,'OFC-MSE-2510150197','1917LZX45K18','EX STORE','2025-10-15 16:41:23',1,NULL,NULL,79,1,'',1,15,'READY','NEED TO CHECK',NULL),(273,'OFC-MSE-2510150198','DUMMY14','EX STORE','2025-10-15 16:53:12',1,NULL,NULL,80,1,'',1,15,'READY','NEED TO CHECK',NULL),(274,'OFC-MSE-2510150199','14078504L128','EX STORE','2025-10-15 16:54:19',1,NULL,NULL,75,1,'',1,15,'DISPOSAL','BAD',NULL),(275,'OFC-MSE-2510150200','DUMMY15','EX STORE','2025-10-15 16:55:00',1,NULL,NULL,70,1,'',1,15,'READY','NEED TO CHECK',NULL),(276,'OFC-MSE-2510150201','DUMMY16','EX STORE','2025-10-15 16:58:24',1,NULL,NULL,81,1,'',1,15,'READY','NEED TO CHECK',NULL),(277,'OFC-MSE-2510150202','DUMMY17','EX STORE','2025-10-15 16:58:57',1,NULL,NULL,70,1,'',1,15,'READY','NEED TO CHECK',NULL),(278,'POS-KYB-2510150203','60DK473453','EX STORE MTA','2025-10-15 17:04:47',1,NULL,NULL,15,1,'',1,15,'READY','NEED TO CHECK',NULL),(279,'POS-KYB-2510150204','60DK469224','EX STORE','2025-10-15 17:05:07',1,NULL,NULL,15,1,'',1,15,'READY','NEED TO CHECK',NULL);
/*!40000 ALTER TABLE `t_assets` ENABLE KEYS */;
UNLOCK TABLES;

--
-- Table structure for table `t_colors`
--

DROP TABLE IF EXISTS `t_colors`;
/*!40101 SET @saved_cs_client     = @@character_set_client */;
/*!50503 SET character_set_client = utf8mb4 */;
CREATE TABLE `t_colors` (
  `id` int NOT NULL AUTO_INCREMENT,
  `name` varchar(100) DEFAULT NULL,
  `hex` varchar(100) DEFAULT NULL,
  PRIMARY KEY (`id`)
) ENGINE=InnoDB AUTO_INCREMENT=11 DEFAULT CHARSET=utf8mb4 COLLATE=utf8mb4_0900_ai_ci;
/*!40101 SET character_set_client = @saved_cs_client */;

--
-- Dumping data for table `t_colors`
--

LOCK TABLES `t_colors` WRITE;
/*!40000 ALTER TABLE `t_colors` DISABLE KEYS */;
INSERT INTO `t_colors` VALUES (1,'BLACK',NULL),(2,'WHITE',NULL),(3,'GREY',NULL),(4,'RED',NULL),(5,'BLUE',NULL);
/*!40000 ALTER TABLE `t_colors` ENABLE KEYS */;
UNLOCK TABLES;

--
-- Table structure for table `t_locations`
--

DROP TABLE IF EXISTS `t_locations`;
/*!40101 SET @saved_cs_client     = @@character_set_client */;
/*!50503 SET character_set_client = utf8mb4 */;
CREATE TABLE `t_locations` (
  `id` int NOT NULL AUTO_INCREMENT,
  `name` varchar(100) DEFAULT NULL,
  `location_type` enum('OFFICE','STORE','WAREHOUSE','DIVISION','RACK','BOX','TABLE') DEFAULT NULL,
  `box_type` enum('CARDBOX','TOTEBOX') DEFAULT NULL,
  `code` varchar(100) DEFAULT NULL,
  `init` varchar(100) DEFAULT NULL,
  `parent_id` int DEFAULT NULL,
  PRIMARY KEY (`id`),
  KEY `parent_id` (`parent_id`),
  CONSTRAINT `t_locations_ibfk_1` FOREIGN KEY (`parent_id`) REFERENCES `t_locations` (`id`)
) ENGINE=InnoDB AUTO_INCREMENT=16 DEFAULT CHARSET=utf8mb4 COLLATE=utf8mb4_0900_ai_ci;
/*!40101 SET character_set_client = @saved_cs_client */;

--
-- Dumping data for table `t_locations`
--

LOCK TABLES `t_locations` WRITE;
/*!40000 ALTER TABLE `t_locations` DISABLE KEYS */;
INSERT INTO `t_locations` VALUES (10,'GUDANG I','WAREHOUSE',NULL,NULL,NULL,NULL),(11,'NW.08.01.01','RACK',NULL,'','',10),(12,'NW.08.01.02','RACK',NULL,'','',10),(13,'NW.07.01.01','RACK',NULL,'','',10),(14,'OFFICE 901','OFFICE',NULL,'901','DC',NULL),(15,'NW.07.01.02','RACK',NULL,'','',10);
/*!40000 ALTER TABLE `t_locations` ENABLE KEYS */;
UNLOCK TABLES;

--
-- Table structure for table `t_module_permission`
--

DROP TABLE IF EXISTS `t_module_permission`;
/*!40101 SET @saved_cs_client     = @@character_set_client */;
/*!50503 SET character_set_client = utf8mb4 */;
CREATE TABLE `t_module_permission` (
  `id` int NOT NULL AUTO_INCREMENT,
  `module_id` int DEFAULT NULL,
  `permission_id` int DEFAULT NULL,
  PRIMARY KEY (`id`),
  KEY `module_id` (`module_id`),
  KEY `permission_id` (`permission_id`),
  CONSTRAINT `t_module_permission_ibfk_1` FOREIGN KEY (`module_id`) REFERENCES `t_modules` (`id`),
  CONSTRAINT `t_module_permission_ibfk_2` FOREIGN KEY (`permission_id`) REFERENCES `t_permissions` (`id`)
) ENGINE=InnoDB AUTO_INCREMENT=21 DEFAULT CHARSET=utf8mb4 COLLATE=utf8mb4_0900_ai_ci;
/*!40101 SET character_set_client = @saved_cs_client */;

--
-- Dumping data for table `t_module_permission`
--

LOCK TABLES `t_module_permission` WRITE;
/*!40000 ALTER TABLE `t_module_permission` DISABLE KEYS */;
INSERT INTO `t_module_permission` VALUES (1,1,1),(2,1,2),(3,1,3),(4,1,4),(5,2,1),(6,2,2),(7,2,3),(8,2,4),(17,5,1),(18,5,2),(19,5,3),(20,5,4);
/*!40000 ALTER TABLE `t_module_permission` ENABLE KEYS */;
UNLOCK TABLES;

--
-- Table structure for table `t_modules`
--

DROP TABLE IF EXISTS `t_modules`;
/*!40101 SET @saved_cs_client     = @@character_set_client */;
/*!50503 SET character_set_client = utf8mb4 */;
CREATE TABLE `t_modules` (
  `id` int NOT NULL AUTO_INCREMENT,
  `module_name` varchar(100) DEFAULT NULL,
  `module_label` varchar(255) DEFAULT NULL,
  PRIMARY KEY (`id`),
  UNIQUE KEY `module_name` (`module_name`)
) ENGINE=InnoDB AUTO_INCREMENT=6 DEFAULT CHARSET=utf8mb4 COLLATE=utf8mb4_0900_ai_ci;
/*!40101 SET character_set_client = @saved_cs_client */;

--
-- Dumping data for table `t_modules`
--

LOCK TABLES `t_modules` WRITE;
/*!40000 ALTER TABLE `t_modules` DISABLE KEYS */;
INSERT INTO `t_modules` VALUES (1,'user','User Management'),(2,'master','Asset Master'),(5,'assets','Assets');
/*!40000 ALTER TABLE `t_modules` ENABLE KEYS */;
UNLOCK TABLES;

--
-- Table structure for table `t_permissions`
--

DROP TABLE IF EXISTS `t_permissions`;
/*!40101 SET @saved_cs_client     = @@character_set_client */;
/*!50503 SET character_set_client = utf8mb4 */;
CREATE TABLE `t_permissions` (
  `id` int NOT NULL AUTO_INCREMENT,
  `permission_name` varchar(50) DEFAULT NULL,
  `permission_label` varchar(100) DEFAULT NULL,
  PRIMARY KEY (`id`),
  UNIQUE KEY `permission_name` (`permission_name`)
) ENGINE=InnoDB AUTO_INCREMENT=9 DEFAULT CHARSET=utf8mb4 COLLATE=utf8mb4_0900_ai_ci;
/*!40101 SET character_set_client = @saved_cs_client */;

--
-- Dumping data for table `t_permissions`
--

LOCK TABLES `t_permissions` WRITE;
/*!40000 ALTER TABLE `t_permissions` DISABLE KEYS */;
INSERT INTO `t_permissions` VALUES (1,'view','View'),(2,'add','Add'),(3,'update','Update'),(4,'delete','Delete');
/*!40000 ALTER TABLE `t_permissions` ENABLE KEYS */;
UNLOCK TABLES;

--
-- Table structure for table `t_purchase_order_details`
--

DROP TABLE IF EXISTS `t_purchase_order_details`;
/*!40101 SET @saved_cs_client     = @@character_set_client */;
/*!50503 SET character_set_client = utf8mb4 */;
CREATE TABLE `t_purchase_order_details` (
  `id` int NOT NULL AUTO_INCREMENT,
  `purchase_order_id` int DEFAULT NULL,
  `asset_model_id` int DEFAULT NULL,
  `quantity` int DEFAULT NULL,
  PRIMARY KEY (`id`),
  KEY `purchase_order_id` (`purchase_order_id`),
  KEY `asset_model_id` (`asset_model_id`),
  CONSTRAINT `t_purchase_order_details_ibfk_1` FOREIGN KEY (`purchase_order_id`) REFERENCES `t_purchase_orders` (`id`),
  CONSTRAINT `t_purchase_order_details_ibfk_2` FOREIGN KEY (`asset_model_id`) REFERENCES `t_asset_models` (`id`)
) ENGINE=InnoDB DEFAULT CHARSET=utf8mb4 COLLATE=utf8mb4_0900_ai_ci;
/*!40101 SET character_set_client = @saved_cs_client */;

--
-- Dumping data for table `t_purchase_order_details`
--

LOCK TABLES `t_purchase_order_details` WRITE;
/*!40000 ALTER TABLE `t_purchase_order_details` DISABLE KEYS */;
/*!40000 ALTER TABLE `t_purchase_order_details` ENABLE KEYS */;
UNLOCK TABLES;

--
-- Table structure for table `t_purchase_orders`
--

DROP TABLE IF EXISTS `t_purchase_orders`;
/*!40101 SET @saved_cs_client     = @@character_set_client */;
/*!50503 SET character_set_client = utf8mb4 */;
CREATE TABLE `t_purchase_orders` (
  `id` int NOT NULL AUTO_INCREMENT,
  `po_number` varchar(255) DEFAULT NULL,
  `created_by` int DEFAULT NULL,
  `supplier_id` int DEFAULT NULL,
  `description` varchar(255) DEFAULT NULL,
  `created_at` datetime DEFAULT CURRENT_TIMESTAMP,
  `status` enum('DRAFT','PENDING','APPROVED','COMPLETED') DEFAULT 'PENDING',
  PRIMARY KEY (`id`),
  KEY `created_by` (`created_by`),
  KEY `supplier_id` (`supplier_id`),
  CONSTRAINT `t_purchase_orders_ibfk_1` FOREIGN KEY (`created_by`) REFERENCES `t_users` (`id`),
  CONSTRAINT `t_purchase_orders_ibfk_2` FOREIGN KEY (`supplier_id`) REFERENCES `t_suppliers` (`id`)
) ENGINE=InnoDB DEFAULT CHARSET=utf8mb4 COLLATE=utf8mb4_0900_ai_ci;
/*!40101 SET character_set_client = @saved_cs_client */;

--
-- Dumping data for table `t_purchase_orders`
--

LOCK TABLES `t_purchase_orders` WRITE;
/*!40000 ALTER TABLE `t_purchase_orders` DISABLE KEYS */;
/*!40000 ALTER TABLE `t_purchase_orders` ENABLE KEYS */;
UNLOCK TABLES;

--
-- Table structure for table `t_receives`
--

DROP TABLE IF EXISTS `t_receives`;
/*!40101 SET @saved_cs_client     = @@character_set_client */;
/*!50503 SET character_set_client = utf8mb4 */;
CREATE TABLE `t_receives` (
  `id` int NOT NULL AUTO_INCREMENT,
  `code` varchar(255) DEFAULT NULL,
  `purchase_order_id` int DEFAULT NULL,
  `received_at` datetime DEFAULT CURRENT_TIMESTAMP,
  `received_by` int DEFAULT NULL,
  `location_id` int DEFAULT NULL,
  `location_detail_id` int DEFAULT NULL,
  `location_team_id` int DEFAULT NULL,
  `status` enum('DRAFT','PENDING','IN_PROGRESS','COMPLETED') DEFAULT 'DRAFT',
  PRIMARY KEY (`id`),
  KEY `purchase_order_id` (`purchase_order_id`),
  KEY `received_by` (`received_by`),
  KEY `location_id` (`location_id`),
  KEY `location_detail_id` (`location_detail_id`),
  KEY `location_team_id` (`location_team_id`),
  CONSTRAINT `t_receives_ibfk_1` FOREIGN KEY (`purchase_order_id`) REFERENCES `t_purchase_orders` (`id`),
  CONSTRAINT `t_receives_ibfk_2` FOREIGN KEY (`received_by`) REFERENCES `t_users` (`id`)
) ENGINE=InnoDB DEFAULT CHARSET=utf8mb4 COLLATE=utf8mb4_0900_ai_ci;
/*!40101 SET character_set_client = @saved_cs_client */;

--
-- Dumping data for table `t_receives`
--

LOCK TABLES `t_receives` WRITE;
/*!40000 ALTER TABLE `t_receives` DISABLE KEYS */;
/*!40000 ALTER TABLE `t_receives` ENABLE KEYS */;
UNLOCK TABLES;

--
-- Table structure for table `t_suppliers`
--

DROP TABLE IF EXISTS `t_suppliers`;
/*!40101 SET @saved_cs_client     = @@character_set_client */;
/*!50503 SET character_set_client = utf8mb4 */;
CREATE TABLE `t_suppliers` (
  `id` int NOT NULL AUTO_INCREMENT,
  `name` varchar(255) DEFAULT NULL,
  PRIMARY KEY (`id`)
) ENGINE=InnoDB DEFAULT CHARSET=utf8mb4 COLLATE=utf8mb4_0900_ai_ci;
/*!40101 SET character_set_client = @saved_cs_client */;

--
-- Dumping data for table `t_suppliers`
--

LOCK TABLES `t_suppliers` WRITE;
/*!40000 ALTER TABLE `t_suppliers` DISABLE KEYS */;
/*!40000 ALTER TABLE `t_suppliers` ENABLE KEYS */;
UNLOCK TABLES;

--
-- Table structure for table `t_user_permission_module`
--

DROP TABLE IF EXISTS `t_user_permission_module`;
/*!40101 SET @saved_cs_client     = @@character_set_client */;
/*!50503 SET character_set_client = utf8mb4 */;
CREATE TABLE `t_user_permission_module` (
  `user_id` int DEFAULT NULL,
  `module_permission_id` int DEFAULT NULL,
  KEY `user_id` (`user_id`),
  KEY `module_permission_id` (`module_permission_id`),
  CONSTRAINT `t_user_permission_module_ibfk_1` FOREIGN KEY (`user_id`) REFERENCES `t_users` (`id`),
  CONSTRAINT `t_user_permission_module_ibfk_2` FOREIGN KEY (`module_permission_id`) REFERENCES `t_module_permission` (`id`)
) ENGINE=InnoDB DEFAULT CHARSET=utf8mb4 COLLATE=utf8mb4_0900_ai_ci;
/*!40101 SET character_set_client = @saved_cs_client */;

--
-- Dumping data for table `t_user_permission_module`
--

LOCK TABLES `t_user_permission_module` WRITE;
/*!40000 ALTER TABLE `t_user_permission_module` DISABLE KEYS */;
INSERT INTO `t_user_permission_module` VALUES (1,1),(1,2),(1,3),(1,4),(1,5),(1,6),(1,7),(1,8),(1,17),(1,18),(1,19),(1,20),(15,17),(15,18),(15,19),(15,20);
/*!40000 ALTER TABLE `t_user_permission_module` ENABLE KEYS */;
UNLOCK TABLES;

--
-- Table structure for table `t_users`
--

DROP TABLE IF EXISTS `t_users`;
/*!40101 SET @saved_cs_client     = @@character_set_client */;
/*!50503 SET character_set_client = utf8mb4 */;
CREATE TABLE `t_users` (
  `id` int NOT NULL AUTO_INCREMENT,
  `username` varchar(100) DEFAULT NULL,
  `name` varchar(150) DEFAULT NULL,
  `password` varchar(255) DEFAULT NULL,
  `is_active` int NOT NULL DEFAULT '1',
  `created_at` datetime DEFAULT CURRENT_TIMESTAMP,
  `created_by` varchar(100) DEFAULT NULL,
  PRIMARY KEY (`id`),
  UNIQUE KEY `username` (`username`)
) ENGINE=InnoDB AUTO_INCREMENT=16 DEFAULT CHARSET=utf8mb4 COLLATE=utf8mb4_0900_ai_ci;
/*!40101 SET character_set_client = @saved_cs_client */;

--
-- Dumping data for table `t_users`
--

LOCK TABLES `t_users` WRITE;
/*!40000 ALTER TABLE `t_users` DISABLE KEYS */;
INSERT INTO `t_users` VALUES (1,'safira','safira','2afee1dd69a5b98cc28b4318f19605f764a85c56bd7d069f168a5d4d6785778e',1,'2025-10-14 09:54:15',NULL),(15,'yasa','yasa','2afee1dd69a5b98cc28b4318f19605f764a85c56bd7d069f168a5d4d6785778e',1,'2025-10-15 16:20:26',NULL);
/*!40000 ALTER TABLE `t_users` ENABLE KEYS */;
UNLOCK TABLES;

--
-- Dumping routines for database 'asset_management_api_prod'
--
/*!40103 SET TIME_ZONE=@OLD_TIME_ZONE */;

/*!40101 SET SQL_MODE=@OLD_SQL_MODE */;
/*!40014 SET FOREIGN_KEY_CHECKS=@OLD_FOREIGN_KEY_CHECKS */;
/*!40014 SET UNIQUE_CHECKS=@OLD_UNIQUE_CHECKS */;
/*!40101 SET CHARACTER_SET_CLIENT=@OLD_CHARACTER_SET_CLIENT */;
/*!40101 SET CHARACTER_SET_RESULTS=@OLD_CHARACTER_SET_RESULTS */;
/*!40101 SET COLLATION_CONNECTION=@OLD_COLLATION_CONNECTION */;
/*!40111 SET SQL_NOTES=@OLD_SQL_NOTES */;

-- Dump completed on 2025-10-15 20:10:51
